rq,setting,task,budget,repeat,tabpfn_auroc,baseline_auroc,delta,n_geographic_units_used,valid_pair
RQ2,Country-specific,2c,10,0,0.6520818938429744,0.6616000768177593,-0.009518182974784906,8,True
RQ2,Country-specific,2c,10,1,0.7399358458341118,0.7155234646856661,0.024412381148445683,8,True
RQ2,Country-specific,2c,10,2,0.6561413222130501,0.622974139254762,0.03316718295828813,7,True
RQ2,Country-specific,2c,10,3,0.6386180617019911,0.6351723259925932,0.003445735709397879,8,True
RQ2,Country-specific,2c,10,4,0.6418157041532699,0.5822596962285328,0.05955600792473714,7,True
RQ2,Country-specific,2c,10,5,0.5983704381021915,0.6385437768819536,-0.04017333877976215,8,True
RQ2,Country-specific,2c,10,6,0.651287105689969,0.5996733345932184,0.05161377109675058,8,True
RQ2,Country-specific,2c,10,7,0.7380161742496248,0.715435222607138,0.022580951642486857,8,True
RQ2,Country-specific,2c,10,8,0.7458186643616344,0.7338372583231592,0.011981406038475195,8,True
RQ2,Country-specific,2c,10,9,0.6138807636810194,0.6664522658793773,-0.05257150219835793,8,True
RQ2,Country-specific,2c,20,0,0.7197935625935085,0.6968328643256463,0.02296069826786218,8,True
RQ2,Country-specific,2c,20,1,0.7379166785649744,0.7391622125350783,-0.0012455339701038515,8,True
RQ2,Country-specific,2c,20,2,0.7217205114063068,0.6942002874406293,0.027520223965677437,7,True
RQ2,Country-specific,2c,20,3,0.6910176707218418,0.6118223077196332,0.07919536300220864,8,True
RQ2,Country-specific,2c,20,4,0.6684679272568929,0.6208503414538405,0.04761758580305231,7,True
RQ2,Country-specific,2c,20,5,0.6776821959322767,0.6833632909255496,-0.0056810949932728505,8,True
RQ2,Country-specific,2c,20,6,0.7415550596342491,0.6906218268318167,0.05093323280243234,8,True
RQ2,Country-specific,2c,20,7,0.7408738502522041,0.6921443096158317,0.04872954063637236,8,True
RQ2,Country-specific,2c,20,8,0.771517568579103,0.7545914722579639,0.016926096321139172,8,True
RQ2,Country-specific,2c,20,9,0.7156824851807575,0.6718294024032949,0.04385308277746258,8,True
RQ2,Country-specific,2c,30,0,0.7366436781453986,0.7340499771467495,0.0025937009986490844,8,True
RQ2,Country-specific,2c,30,1,0.7404065505107582,0.724251668551295,0.01615488195946324,8,True
RQ2,Country-specific,2c,30,2,0.7416454836149613,0.7064161174611344,0.03522936615382688,7,True
RQ2,Country-specific,2c,30,3,0.7242514664337523,0.6796541609968418,0.04459730543691043,8,True
RQ2,Country-specific,2c,30,4,0.7779001402255243,0.6817281234614772,0.09617201676404719,7,True
RQ2,Country-specific,2c,30,5,0.739152235776783,0.7359826607084484,0.003169575068334596,8,True
RQ2,Country-specific,2c,30,6,0.7521909530657449,0.7129202629616068,0.039270690104138084,8,True
RQ2,Country-specific,2c,30,7,0.7985955885897942,0.7324521099483777,0.06614347864141645,8,True
RQ2,Country-specific,2c,30,8,0.8231335142508606,0.7757786621795524,0.047354852071308184,8,True
RQ2,Country-specific,2c,30,9,0.7439297944669085,0.7423961869931601,0.0015336074737484218,8,True
RQ2,Country-specific,2c,40,0,0.765050969646379,0.733517834929885,0.03153313471649399,8,True
RQ2,Country-specific,2c,40,1,0.7894603058205246,0.7582994703020829,0.031160835518441732,8,True
RQ2,Country-specific,2c,40,2,0.73569342370597,0.6942812648393936,0.041412158866576454,7,True
RQ2,Country-specific,2c,40,3,0.7275381011133952,0.7158525861126614,0.011685515000733782,8,True
RQ2,Country-specific,2c,40,4,0.8182893354868702,0.7115148501309629,0.10677448535590728,7,True
RQ2,Country-specific,2c,40,5,0.7784616689380295,0.7704044844489943,0.00805718448903514,8,True
RQ2,Country-specific,2c,40,6,0.7581787581774833,0.7289912880546485,0.029187470122834736,8,True
RQ2,Country-specific,2c,40,7,0.8006098881895147,0.7665909594702479,0.03401892871926682,8,True
RQ2,Country-specific,2c,40,8,0.8112423693450679,0.7732761480941723,0.03796622125089555,8,True
RQ2,Country-specific,2c,40,9,0.7568872811986757,0.7774081347598301,-0.020520853561154406,8,True
RQ2,Country-specific,2c,50,0,0.7710541428601426,0.7510146665564895,0.020039476303653103,8,True
RQ2,Country-specific,2c,50,1,0.801223268897808,0.7883211325709789,0.012902136326829128,8,True
RQ2,Country-specific,2c,50,2,0.7586287412244378,0.7052081582376768,0.053420582986761,7,True
RQ2,Country-specific,2c,50,3,0.7501866038724984,0.701522336018531,0.04866426785396738,8,True
RQ2,Country-specific,2c,50,4,0.8103761019305741,0.7288992225812364,0.08147687934933767,7,True
RQ2,Country-specific,2c,50,5,0.7732845981905847,0.7402054128575519,0.03307918533303278,8,True
RQ2,Country-specific,2c,50,6,0.7777257056379209,0.7282728669400962,0.049452838697824686,8,True
RQ2,Country-specific,2c,50,7,0.8190982374084635,0.7777121472351471,0.0413860901733164,8,True
RQ2,Country-specific,2c,50,8,0.8261852363423833,0.79536194562008,0.030823290722303276,8,True
RQ2,Country-specific,2c,50,9,0.7633967819325385,0.7515358142940799,0.011860967638458564,8,True
RQ2,Country-specific,3c,10,0,0.7204929684203237,0.7172074360078925,0.0032855324124312357,8,True
RQ2,Country-specific,3c,10,1,0.7156383078689267,0.7099868700511027,0.005651437817823957,8,True
RQ2,Country-specific,3c,10,2,0.7467725125554936,0.7378834309034232,0.008889081652070363,8,True
RQ2,Country-specific,3c,10,3,0.7915175985449421,0.7558187809372727,0.03569881760766935,7,True
RQ2,Country-specific,3c,10,4,0.7700045625001115,0.746306324339981,0.023698238160130503,8,True
RQ2,Country-specific,3c,10,5,0.7343557011549426,0.7247249206688602,0.009630780486082458,8,True
RQ2,Country-specific,3c,10,6,0.7796999038735224,0.7630423979786073,0.016657505894915103,8,True
RQ2,Country-specific,3c,10,7,0.7038392608524784,0.6706607088778715,0.03317855197460684,8,True
RQ2,Country-specific,3c,10,8,0.7396965986563456,0.7315344927646487,0.008162105891696969,8,True
RQ2,Country-specific,3c,10,9,0.7857370910946412,0.7507968971928182,0.03494019390182301,7,True
RQ2,Country-specific,3c,20,0,0.7602786771268464,0.7509642425044484,0.009314434622398005,8,True
RQ2,Country-specific,3c,20,1,0.747935387148605,0.7309320278486002,0.01700335930000474,8,True
RQ2,Country-specific,3c,20,2,0.7616790636339348,0.7387166568623329,0.022962406771601884,8,True
RQ2,Country-specific,3c,20,3,0.8131577925805322,0.7761908036235589,0.03696698895697337,7,True
RQ2,Country-specific,3c,20,4,0.8065170872668527,0.7824664722859712,0.024050614980881457,8,True
RQ2,Country-specific,3c,20,5,0.7766747152297664,0.7613208369468218,0.015353878282944544,8,True
RQ2,Country-specific,3c,20,6,0.804187242675819,0.7880206734436537,0.016166569232165307,8,True
RQ2,Country-specific,3c,20,7,0.7489119772748966,0.7168302062605598,0.032081771014336735,8,True
RQ2,Country-specific,3c,20,8,0.8038314110725433,0.7553336854662955,0.048497725606247766,8,True
RQ2,Country-specific,3c,20,9,0.8038935305618865,0.7659585469295058,0.03793498363238068,7,True
RQ2,Country-specific,3c,30,0,0.7867060282192038,0.7614178068786932,0.025288221340510564,8,True
RQ2,Country-specific,3c,30,1,0.7830074562412421,0.7674956433463641,0.015511812894878019,8,True
RQ2,Country-specific,3c,30,2,0.7992219879286079,0.7748114899015357,0.02441049802707218,8,True
RQ2,Country-specific,3c,30,3,0.821666349091663,0.804959051692061,0.016707297399602083,7,True
RQ2,Country-specific,3c,30,4,0.8305426344154192,0.8032310125821969,0.027311621833222333,8,True
RQ2,Country-specific,3c,30,5,0.8029373697813973,0.7564346665621497,0.04650270321924754,8,True
RQ2,Country-specific,3c,30,6,0.828343397600851,0.8062504115080746,0.022092986092776323,8,True
RQ2,Country-specific,3c,30,7,0.7808905978197315,0.7312176743332237,0.04967292348650776,8,True
RQ2,Country-specific,3c,30,8,0.8228358065830081,0.7901947555242385,0.03264105105876969,8,True
RQ2,Country-specific,3c,30,9,0.8121751773833047,0.7801893621494662,0.03198581523383848,7,True
RQ2,Country-specific,3c,40,0,0.7981731208185076,0.7751925490964571,0.02298057172205048,8,True
RQ2,Country-specific,3c,40,1,0.776497198898752,0.7726880914884615,0.003809107410290502,8,True
RQ2,Country-specific,3c,40,2,0.8093134315948889,0.7805566799499503,0.028756751644938627,8,True
RQ2,Country-specific,3c,40,3,0.8362959040340309,0.8143982002958153,0.021897703738215535,7,True
RQ2,Country-specific,3c,40,4,0.8344771878839595,0.8099508525245789,0.024526335359380647,8,True
RQ2,Country-specific,3c,40,5,0.8124374989593885,0.7682266526435597,0.04421084631582883,8,True
RQ2,Country-specific,3c,40,6,0.8289422484377726,0.8123084516925836,0.016633796745189056,8,True
RQ2,Country-specific,3c,40,7,0.7815663855863699,0.7393129379263992,0.042253447659970744,8,True
RQ2,Country-specific,3c,40,8,0.8331066708807227,0.8020472867252475,0.031059384155475156,8,True
RQ2,Country-specific,3c,40,9,0.8259637219677752,0.7793600214297435,0.046603700538031756,7,True
RQ2,Country-specific,3c,50,0,0.8068500153248562,0.7882259146387041,0.018624100686152167,8,True
RQ2,Country-specific,3c,50,1,0.8000215900238343,0.7915085499404316,0.008513040083402701,8,True
RQ2,Country-specific,3c,50,2,0.8157252083249149,0.7878175081562805,0.02790770016863442,8,True
RQ2,Country-specific,3c,50,3,0.8460344815524647,0.80656361107265,0.03947087047981479,7,True
RQ2,Country-specific,3c,50,4,0.8433712598757446,0.8203901100012909,0.022981149874453655,8,True
RQ2,Country-specific,3c,50,5,0.8203030520064791,0.8072414260313534,0.013061625975125724,8,True
RQ2,Country-specific,3c,50,6,0.8377620448351708,0.822855554192181,0.014906490642989767,8,True
RQ2,Country-specific,3c,50,7,0.806313666353971,0.7685367839572868,0.0377768823966842,8,True
RQ2,Country-specific,3c,50,8,0.8357927829809868,0.813366602908216,0.02242618007277075,8,True
RQ2,Country-specific,3c,50,9,0.831298433108417,0.8013522406790464,0.029946192429370577,7,True
RQ2,Continent-specific,2c,10,0,0.6506940290122639,0.597929259389625,0.052764769622638874,2,True
RQ2,Continent-specific,2c,10,1,0.7360039047777326,0.7239880067645499,0.012015898013182702,2,True
RQ2,Continent-specific,2c,10,2,0.6769452329494494,0.6684716296951986,0.008473603254250839,2,True
RQ2,Continent-specific,2c,10,3,0.7073910121156419,0.6882502364454113,0.019140775670230648,2,True
RQ2,Continent-specific,2c,10,4,0.7578598504842486,0.7208348049596927,0.03702504552455599,2,True
RQ2,Continent-specific,2c,10,5,0.6609773481176727,0.6447180068403662,0.01625934127730655,2,True
RQ2,Continent-specific,2c,10,6,0.6839011110415982,0.6464194587931239,0.03748165224847433,2,True
RQ2,Continent-specific,2c,10,7,0.7819709888244218,0.751158708860117,0.0308122799643048,2,True
RQ2,Continent-specific,2c,10,8,0.717115247565264,0.6740712462106153,0.0430440013546487,2,True
RQ2,Continent-specific,2c,10,9,0.7089130246934325,0.6945921725404167,0.014320852153015817,2,True
RQ2,Continent-specific,2c,20,0,0.695549951170606,0.6548758430451012,0.04067410812550487,2,True
RQ2,Continent-specific,2c,20,1,0.7947420081605857,0.7593800446847946,0.035361963475791125,2,True
RQ2,Continent-specific,2c,20,2,0.7273937971781079,0.6749306424385961,0.0524631547395118,2,True
RQ2,Continent-specific,2c,20,3,0.7074290014656857,0.7030107532642391,0.00441824820144654,2,True
RQ2,Continent-specific,2c,20,4,0.7906270430883058,0.7550698692106796,0.035557173877626136,2,True
RQ2,Continent-specific,2c,20,5,0.7119353815136678,0.7090839111849303,0.0028514703287374488,2,True
RQ2,Continent-specific,2c,20,6,0.7568997630565046,0.7080427520824224,0.04885701097408224,2,True
RQ2,Continent-specific,2c,20,7,0.7986771717672017,0.7723573908546992,0.026319780912502422,2,True
RQ2,Continent-specific,2c,20,8,0.7330557771137691,0.7085636741024841,0.024492103011285016,2,True
RQ2,Continent-specific,2c,20,9,0.7531131347944398,0.7274270960486411,0.025686038745798667,2,True
RQ2,Continent-specific,2c,30,0,0.7506418909646255,0.6818102726410228,0.06883161832360274,2,True
RQ2,Continent-specific,2c,30,1,0.8082428323656161,0.7652872825893711,0.04295554977624505,2,True
RQ2,Continent-specific,2c,30,2,0.7562684884270797,0.7300531283923495,0.02621536003473024,2,True
RQ2,Continent-specific,2c,30,3,0.7453639657616875,0.717342696263024,0.02802126949866346,2,True
RQ2,Continent-specific,2c,30,4,0.8107099231324131,0.7745924284970506,0.03611749463536251,2,True
RQ2,Continent-specific,2c,30,5,0.7411338310407101,0.696303747613608,0.04483008342710204,2,True
RQ2,Continent-specific,2c,30,6,0.7743402964472783,0.727625517598578,0.046714778848700345,2,True
RQ2,Continent-specific,2c,30,7,0.8108182108056967,0.7869474298179253,0.0238707809877714,2,True
RQ2,Continent-specific,2c,30,8,0.7744744542179501,0.7346275819791456,0.039846872238804565,2,True
RQ2,Continent-specific,2c,30,9,0.7686482756896227,0.7458440603544694,0.02280421533515331,2,True
RQ2,Continent-specific,2c,40,0,0.7413385793206007,0.6852426615584587,0.056095917762141956,2,True
RQ2,Continent-specific,2c,40,1,0.8257859077351491,0.779351640496016,0.04643426723913313,2,True
RQ2,Continent-specific,2c,40,2,0.7737848493514321,0.7320634400771695,0.0417214092742626,2,True
RQ2,Continent-specific,2c,40,3,0.7649700532677526,0.7208007077498437,0.04416934551790885,2,True
RQ2,Continent-specific,2c,40,4,0.8248361415470805,0.790124009979261,0.03471213156781949,2,True
RQ2,Continent-specific,2c,40,5,0.7730981160317103,0.7158606497353845,0.057237466296325756,2,True
RQ2,Continent-specific,2c,40,6,0.7821018555447287,0.7322486979115295,0.0498531576331992,2,True
RQ2,Continent-specific,2c,40,7,0.8252573792436189,0.8019285095973872,0.02332886964623171,2,True
RQ2,Continent-specific,2c,40,8,0.7889799342455828,0.7455715412621141,0.04340839298346866,2,True
RQ2,Continent-specific,2c,40,9,0.7818096938681571,0.7502266299372041,0.031583063930953004,2,True
RQ2,Continent-specific,2c,50,0,0.7693621302043794,0.7110921966050061,0.05826993359937327,2,True
RQ2,Continent-specific,2c,50,1,0.839511859807959,0.7861973831970546,0.05331447661090438,2,True
RQ2,Continent-specific,2c,50,2,0.7899587578896149,0.7556690181866366,0.03428973970297833,2,True
RQ2,Continent-specific,2c,50,3,0.7713090535763222,0.7404556134412559,0.0308534401350663,2,True
RQ2,Continent-specific,2c,50,4,0.8294470553877329,0.7971497609372128,0.0322972944505201,2,True
RQ2,Continent-specific,2c,50,5,0.7813096218472151,0.730612752444322,0.050696869402893086,2,True
RQ2,Continent-specific,2c,50,6,0.7908395480434691,0.7396298341598362,0.051209713883632935,2,True
RQ2,Continent-specific,2c,50,7,0.8340441946537294,0.8049859719254835,0.029058222728245875,2,True
RQ2,Continent-specific,2c,50,8,0.8016922232134385,0.7635602219221822,0.03813200129125627,2,True
RQ2,Continent-specific,2c,50,9,0.7965152528032922,0.7673288591695715,0.029186393633720664,2,True
RQ2,Continent-specific,3c,10,0,0.7581352769173231,0.7106752117482653,0.047460065169057764,2,True
RQ2,Continent-specific,3c,10,1,0.785955629170165,0.760272928540163,0.025682700630001998,2,True
RQ2,Continent-specific,3c,10,2,0.8124977192897569,0.7823830308425659,0.030114688447191007,2,True
RQ2,Continent-specific,3c,10,3,0.7895102669705119,0.7604312873345382,0.029078979635973612,2,True
RQ2,Continent-specific,3c,10,4,0.7951544653222342,0.758580375676472,0.03657408964576225,2,True
RQ2,Continent-specific,3c,10,5,0.774403104478758,0.742577213646065,0.03182589083269305,2,True
RQ2,Continent-specific,3c,10,6,0.7586349481566341,0.7346021540484176,0.02403279410821657,2,True
RQ2,Continent-specific,3c,10,7,0.7413391818160604,0.716048736300297,0.025290445515763427,2,True
RQ2,Continent-specific,3c,10,8,0.7792450394448629,0.7375294990860684,0.041715540358794545,2,True
RQ2,Continent-specific,3c,10,9,0.7592438182209402,0.7437181087547675,0.01552570946617271,2,True
RQ2,Continent-specific,3c,20,0,0.8013292361570254,0.7608931313698191,0.040436104787206384,2,True
RQ2,Continent-specific,3c,20,1,0.8105745904440012,0.7820190584668852,0.02855553197711591,2,True
RQ2,Continent-specific,3c,20,2,0.8296862318441373,0.8020537750293355,0.027632456814801754,2,True
RQ2,Continent-specific,3c,20,3,0.8143960083529967,0.7876319150998865,0.026764093253110244,2,True
RQ2,Continent-specific,3c,20,4,0.822882062607466,0.7893742519600054,0.033507810647460556,2,True
RQ2,Continent-specific,3c,20,5,0.8144094987554547,0.7752552413887727,0.03915425736668199,2,True
RQ2,Continent-specific,3c,20,6,0.7931142361300595,0.7704777886698683,0.022636447460191222,2,True
RQ2,Continent-specific,3c,20,7,0.7815697689706171,0.7475111558128402,0.03405861315777692,2,True
RQ2,Continent-specific,3c,20,8,0.8070746033287024,0.7684211758531387,0.03865342747556366,2,True
RQ2,Continent-specific,3c,20,9,0.80029542446811,0.7609502327687395,0.03934519169937045,2,True
RQ2,Continent-specific,3c,30,0,0.8143065734443994,0.7725895602672102,0.04171701317718923,2,True
RQ2,Continent-specific,3c,30,1,0.8258895989940341,0.8010354834118774,0.024854115582156777,2,True
RQ2,Continent-specific,3c,30,2,0.8451540578117067,0.819507276284083,0.025646781527623674,2,True
RQ2,Continent-specific,3c,30,3,0.8338047075781438,0.802900670025295,0.030904037552848873,2,True
RQ2,Continent-specific,3c,30,4,0.8370583872847839,0.8023684487892981,0.03468993849548574,2,True
RQ2,Continent-specific,3c,30,5,0.8249850344014487,0.7960263173118625,0.028958717089586195,2,True
RQ2,Continent-specific,3c,30,6,0.8057695865948442,0.7848464913764663,0.020923095218377874,2,True
RQ2,Continent-specific,3c,30,7,0.8013067288883577,0.7650147902713719,0.036291938616985875,2,True
RQ2,Continent-specific,3c,30,8,0.8263487511190216,0.7921002452692534,0.03424850584976824,2,True
RQ2,Continent-specific,3c,30,9,0.8031173829722152,0.7814814522024913,0.02163593076972392,2,True
RQ2,Continent-specific,3c,40,0,0.8263279557699543,0.7764836917521505,0.04984426401780384,2,True
RQ2,Continent-specific,3c,40,1,0.8295858517696144,0.8040276665308741,0.025558185238740316,2,True
RQ2,Continent-specific,3c,40,2,0.8522510754859787,0.828795092244035,0.023455983241943645,2,True
RQ2,Continent-specific,3c,40,3,0.8436124702043852,0.8166929341235764,0.02691953608080888,2,True
RQ2,Continent-specific,3c,40,4,0.8428529403848841,0.8124000707194716,0.030452869665412496,2,True
RQ2,Continent-specific,3c,40,5,0.832620579614973,0.7993466754204032,0.03327390419456988,2,True
RQ2,Continent-specific,3c,40,6,0.8164592123323746,0.79109873055377,0.025360481778604615,2,True
RQ2,Continent-specific,3c,40,7,0.8029103775887,0.7721985868899908,0.030711790698709218,2,True
RQ2,Continent-specific,3c,40,8,0.8341170514653843,0.8034195995978226,0.030697451867561676,2,True
RQ2,Continent-specific,3c,40,9,0.8268721213026733,0.7908873565486219,0.035984764754051435,2,True
RQ2,Continent-specific,3c,50,0,0.8355611628535091,0.7922428928379406,0.04331827001556854,2,True
RQ2,Continent-specific,3c,50,1,0.8339134244145496,0.808560478451683,0.025352945962866635,2,True
RQ2,Continent-specific,3c,50,2,0.8596326347827176,0.8327970281602017,0.02683560662251583,2,True
RQ2,Continent-specific,3c,50,3,0.8451778054470108,0.8199185035621723,0.025259301884838492,2,True
RQ2,Continent-specific,3c,50,4,0.8458307133819674,0.8189857403103514,0.02684497307161593,2,True
RQ2,Continent-specific,3c,50,5,0.8317339244220244,0.8084233429667247,0.02331058145529974,2,True
RQ2,Continent-specific,3c,50,6,0.8279428640109856,0.7972304113199117,0.03071245269107392,2,True
RQ2,Continent-specific,3c,50,7,0.8152985564404837,0.7836136180149404,0.03168493842554321,2,True
RQ2,Continent-specific,3c,50,8,0.8396562951034297,0.8065336674295318,0.03312262767389784,2,True
RQ2,Continent-specific,3c,50,9,0.8309968956987877,0.7975451529909316,0.033451742707856,2,True
RQ2,Multi-country natural,2c,10,0,0.6938040229834591,0.6956251392978094,-0.001821116314350335,1,True
RQ2,Multi-country natural,2c,10,1,0.6833153666892923,0.6760619575048465,0.007253409184445725,1,True
RQ2,Multi-country natural,2c,10,2,0.6259411386127522,0.6402869342424964,-0.01434579562974414,1,True
RQ2,Multi-country natural,2c,10,3,0.774262143828907,0.7483391844715986,0.025922959357308373,1,True
RQ2,Multi-country natural,2c,10,4,0.6733853512271533,0.6689016338047244,0.004483717422428812,1,True
RQ2,Multi-country natural,2c,10,5,0.6448591249312082,0.6515822594371687,-0.006723134505960515,1,True
RQ2,Multi-country natural,2c,10,6,0.7084982088384763,0.6808720713821677,0.027626137456308597,1,True
RQ2,Multi-country natural,2c,10,7,0.6939682251284937,0.6562894958438301,0.03767872928466354,1,True
RQ2,Multi-country natural,2c,10,8,0.6802587675790612,0.6817690836343271,-0.001510316055265859,1,True
RQ2,Multi-country natural,2c,10,9,0.7654871236499997,0.756106484143937,0.009380639506062716,1,True
RQ2,Multi-country natural,2c,20,0,0.7187471643879323,0.7112309891158494,0.007516175272082926,1,True
RQ2,Multi-country natural,2c,20,1,0.7528181903447373,0.7135194793267778,0.03929871101795945,1,True
RQ2,Multi-country natural,2c,20,2,0.6718165543451031,0.6619733462864638,0.009843208058639363,1,True
RQ2,Multi-country natural,2c,20,3,0.783146910458229,0.7633068112093442,0.019840099248884857,1,True
RQ2,Multi-country natural,2c,20,4,0.7059415922695126,0.6902949121388096,0.015646680130703028,1,True
RQ2,Multi-country natural,2c,20,5,0.7208603114121614,0.7012176065337539,0.01964270487840758,1,True
RQ2,Multi-country natural,2c,20,6,0.7529706318456166,0.7315944507850207,0.02137618106059591,1,True
RQ2,Multi-country natural,2c,20,7,0.7098491270121348,0.6872389684173013,0.022610158594833507,1,True
RQ2,Multi-country natural,2c,20,8,0.723263926793266,0.6882085138900095,0.03505541290325653,1,True
RQ2,Multi-country natural,2c,20,9,0.7964084353085993,0.7616411632769291,0.03476727203167018,1,True
RQ2,Multi-country natural,2c,30,0,0.7608701947221341,0.7361721442851414,0.02469805043699269,1,True
RQ2,Multi-country natural,2c,30,1,0.7717419393130852,0.732948704264439,0.03879323504864618,1,True
RQ2,Multi-country natural,2c,30,2,0.7159470143645329,0.6918642731888531,0.024082741175679767,1,True
RQ2,Multi-country natural,2c,30,3,0.798399848758478,0.7805915528732578,0.01780829588522026,1,True
RQ2,Multi-country natural,2c,30,4,0.7456270533798035,0.7183187827504223,0.027308270629381237,1,True
RQ2,Multi-country natural,2c,30,5,0.752243741658408,0.7184654416059926,0.033778300052415444,1,True
RQ2,Multi-country natural,2c,30,6,0.7725187159860909,0.734803187688858,0.0377155282972329,1,True
RQ2,Multi-country natural,2c,30,7,0.744655050122117,0.7090487105216264,0.03560633960049053,1,True
RQ2,Multi-country natural,2c,30,8,0.7575838075665311,0.7065888908401404,0.05099491672639067,1,True
RQ2,Multi-country natural,2c,30,9,0.8155764680469765,0.7819497164929792,0.0336267515539973,1,True
RQ2,Multi-country natural,2c,40,0,0.7630305390976804,0.7368800280498222,0.02615051104785815,1,True
RQ2,Multi-country natural,2c,40,1,0.7953062910813716,0.7399567029728435,0.05534958810852808,1,True
RQ2,Multi-country natural,2c,40,2,0.7393652966083573,0.7038767232653294,0.03548857334302791,1,True
RQ2,Multi-country natural,2c,40,3,0.8130574521123717,0.7895624356716358,0.023495016440735927,1,True
RQ2,Multi-country natural,2c,40,4,0.7620088096777462,0.7247262603470042,0.03728254933074204,1,True
RQ2,Multi-country natural,2c,40,5,0.7562217981240656,0.7360079424773089,0.020213855646756707,1,True
RQ2,Multi-country natural,2c,40,6,0.7819778196789329,0.751492061762549,0.03048575791638386,1,True
RQ2,Multi-country natural,2c,40,7,0.7545291945171401,0.731553209108284,0.022975985408856037,1,True
RQ2,Multi-country natural,2c,40,8,0.761433663516714,0.7137891034738075,0.047644560042906514,1,True
RQ2,Multi-country natural,2c,40,9,0.8264074745038628,0.8038928996878081,0.022514574816054678,1,True
RQ2,Multi-country natural,2c,50,0,0.7840797709682665,0.7470796593209418,0.03700011164732475,1,True
RQ2,Multi-country natural,2c,50,1,0.8042424626193254,0.7544225788873471,0.04981988373197832,1,True
RQ2,Multi-country natural,2c,50,2,0.7533536082411237,0.7126200353970765,0.04073357284404722,1,True
RQ2,Multi-country natural,2c,50,3,0.8213761239609132,0.7960059589904865,0.025370164970426656,1,True
RQ2,Multi-country natural,2c,50,4,0.7755443837162014,0.7251970222111657,0.050347361505035715,1,True
RQ2,Multi-country natural,2c,50,5,0.7695353925304789,0.7240165943705968,0.045518798159882023,1,True
RQ2,Multi-country natural,2c,50,6,0.799663410811483,0.7633784365821297,0.036284974229353284,1,True
RQ2,Multi-country natural,2c,50,7,0.7510966418705735,0.7346376847041066,0.016458957166466837,1,True
RQ2,Multi-country natural,2c,50,8,0.7770518436952693,0.7348229872182486,0.04222885647702068,1,True
RQ2,Multi-country natural,2c,50,9,0.8373092576321315,0.8127783418250834,0.024530915807048137,1,True
RQ2,Multi-country natural,3c,10,0,0.7665661259839057,0.7503407719270739,0.016225354056831787,1,True
RQ2,Multi-country natural,3c,10,1,0.7779082033917118,0.747702152323572,0.030206051068139894,1,True
RQ2,Multi-country natural,3c,10,2,0.7495912735432073,0.7349242945143329,0.014666979028874372,1,True
RQ2,Multi-country natural,3c,10,3,0.7660996728700784,0.7393401890565966,0.02675948381348181,1,True
RQ2,Multi-country natural,3c,10,4,0.7709145672710536,0.7498009946853209,0.021113572585732654,1,True
RQ2,Multi-country natural,3c,10,5,0.7441371989569189,0.7148038382691397,0.029333360687779142,1,True
RQ2,Multi-country natural,3c,10,6,0.7210860842169801,0.7072256214278582,0.013860462789121897,1,True
RQ2,Multi-country natural,3c,10,7,0.7625616192343788,0.7447553525938441,0.01780626664053475,1,True
RQ2,Multi-country natural,3c,10,8,0.7582096958991079,0.7424102637097629,0.015799432189344986,1,True
RQ2,Multi-country natural,3c,10,9,0.7863839370617237,0.7697325081713003,0.01665142889042337,1,True
RQ2,Multi-country natural,3c,20,0,0.8093966505694988,0.7774605121912396,0.03193613837825926,1,True
RQ2,Multi-country natural,3c,20,1,0.8060382153720989,0.773529916999637,0.03250829837246183,1,True
RQ2,Multi-country natural,3c,20,2,0.7820467225279248,0.7636803429384765,0.01836637958944831,1,True
RQ2,Multi-country natural,3c,20,3,0.7794994591040778,0.7725538511955857,0.00694560790849208,1,True
RQ2,Multi-country natural,3c,20,4,0.8014110877162045,0.7731583971140016,0.028252690602202923,1,True
RQ2,Multi-country natural,3c,20,5,0.7724098668612281,0.7406453152608342,0.03176455160039393,1,True
RQ2,Multi-country natural,3c,20,6,0.7383067185041715,0.7401903086056939,-0.0018835901015223921,1,True
RQ2,Multi-country natural,3c,20,7,0.8040489633971907,0.7755378233356441,0.028511140061546536,1,True
RQ2,Multi-country natural,3c,20,8,0.7994936415746317,0.7658641246962644,0.03362951687836724,1,True
RQ2,Multi-country natural,3c,20,9,0.8227713357622154,0.7919011009688218,0.03087023479339357,1,True
RQ2,Multi-country natural,3c,30,0,0.8254885514576804,0.7913465346730378,0.03414201678464257,1,True
RQ2,Multi-country natural,3c,30,1,0.8176079426095709,0.7891806327380938,0.028427309871477124,1,True
RQ2,Multi-country natural,3c,30,2,0.7987472707711899,0.7764928935771357,0.02225437719405421,1,True
RQ2,Multi-country natural,3c,30,3,0.7903842814546772,0.7822078971760598,0.008176384278617443,1,True
RQ2,Multi-country natural,3c,30,4,0.817967475304203,0.7898052838426738,0.028162191461529207,1,True
RQ2,Multi-country natural,3c,30,5,0.7915115535152886,0.7495106565285644,0.04200089698672416,1,True
RQ2,Multi-country natural,3c,30,6,0.7657124701963002,0.7579186475725704,0.00779382262372974,1,True
RQ2,Multi-country natural,3c,30,7,0.8153862265660207,0.7903468844401734,0.02503934212584724,1,True
RQ2,Multi-country natural,3c,30,8,0.7899879589717403,0.7835851889819113,0.006402769989829027,1,True
RQ2,Multi-country natural,3c,30,9,0.8375057755938645,0.8097008731291084,0.027804902464756087,1,True
RQ2,Multi-country natural,3c,40,0,0.8287579388677339,0.801341879058855,0.027416059808878845,1,True
RQ2,Multi-country natural,3c,40,1,0.8302284941651451,0.8016446299221277,0.0285838642430174,1,True
RQ2,Multi-country natural,3c,40,2,0.8112673741739161,0.7889594936579737,0.022307880515942458,1,True
RQ2,Multi-country natural,3c,40,3,0.7823929151404476,0.7960957226471298,-0.01370280750668218,1,True
RQ2,Multi-country natural,3c,40,4,0.8196382848567886,0.7986511333711022,0.020987151485686417,1,True
RQ2,Multi-country natural,3c,40,5,0.8000439926434791,0.7638782782927129,0.03616571435076621,1,True
RQ2,Multi-country natural,3c,40,6,0.7825327004390662,0.7710220941569556,0.011510606282110647,1,True
RQ2,Multi-country natural,3c,40,7,0.835010236107084,0.7999639982590546,0.035046237848029405,1,True
RQ2,Multi-country natural,3c,40,8,0.8237155926723986,0.7914495858720487,0.032266006800349856,1,True
RQ2,Multi-country natural,3c,40,9,0.8434092586493588,0.8200807821117978,0.023328476537560983,1,True
RQ2,Multi-country natural,3c,50,0,0.8410489834828404,0.8134819457852971,0.027567037697543317,1,True
RQ2,Multi-country natural,3c,50,1,0.8373644809054231,0.8058515804934353,0.03151290041198784,1,True
RQ2,Multi-country natural,3c,50,2,0.8208058811428081,0.7953302578419669,0.025475623300841188,1,True
RQ2,Multi-country natural,3c,50,3,0.8083560509847184,0.7983413405944577,0.010014710390260695,1,True
RQ2,Multi-country natural,3c,50,4,0.8204268451823604,0.804142462527965,0.01628438265439547,1,True
RQ2,Multi-country natural,3c,50,5,0.808824221990338,0.7715395791796323,0.03728464281070565,1,True
RQ2,Multi-country natural,3c,50,6,0.752927613253894,0.7771333290300481,-0.024205715776154046,1,True
RQ2,Multi-country natural,3c,50,7,0.843375522361828,0.8090185434122108,0.0343569789496172,1,True
RQ2,Multi-country natural,3c,50,8,0.8328347659287346,0.8021710805758464,0.030663685352888215,1,True
RQ2,Multi-country natural,3c,50,9,0.851139014585526,0.8241376981863225,0.027001316399203446,1,True
RQ2,Multi-country balanced,2c,10,0,0.5700427827380952,0.6430059523809524,-0.0729631696428572,1,True
RQ2,Multi-country balanced,2c,10,1,0.7203664324872368,0.6958381559940064,0.024528276493230305,1,True
RQ2,Multi-country balanced,2c,10,2,0.6523892350625025,0.6679746932222179,-0.01558545815971546,1,True
RQ2,Multi-country balanced,2c,10,3,0.5765517701180078,0.6108940596039736,-0.03434228948596574,1,True
RQ2,Multi-country balanced,2c,10,4,0.6207492996500743,0.6442695923514808,-0.023520292701406542,1,True
RQ2,Multi-country balanced,2c,10,5,0.6489634288376427,0.6330820937739178,0.01588133506372491,1,True
RQ2,Multi-country balanced,2c,10,6,0.600626313489669,0.6471247147603293,-0.046498401270660294,1,True
RQ2,Multi-country balanced,2c,10,7,0.6025248755198634,0.5687983462803613,0.033726529239502145,1,True
RQ2,Multi-country balanced,2c,10,8,0.608251633986928,0.6231129376554213,-0.014861303668493253,1,True
RQ2,Multi-country balanced,2c,10,9,0.634324426044411,0.6356632076993387,-0.0013387816549277343,1,True
RQ2,Multi-country balanced,2c,20,0,0.6423409598214285,0.6946893601190476,-0.05234840029761911,1,True
RQ2,Multi-country balanced,2c,20,1,0.7496612922038887,0.7623460113231586,-0.012684719119269938,1,True
RQ2,Multi-country balanced,2c,20,2,0.7531843724913032,0.744076608433044,0.009107764058259193,1,True
RQ2,Multi-country balanced,2c,20,3,0.7161144076271753,0.6471331422094806,0.06898126541769467,1,True
RQ2,Multi-country balanced,2c,20,4,0.6565967479836902,0.6537878712353077,0.002808876748382483,1,True
RQ2,Multi-country balanced,2c,20,5,0.7069565072709727,0.6350246248044991,0.07193188246647364,1,True
RQ2,Multi-country balanced,2c,20,6,0.6567656422314238,0.6265770545926188,0.030188587638804942,1,True
RQ2,Multi-country balanced,2c,20,7,0.649712485747332,0.6509593378559067,-0.0012468521085746698,1,True
RQ2,Multi-country balanced,2c,20,8,0.6479473383068154,0.6773095882573007,-0.02936224995048531,1,True
RQ2,Multi-country balanced,2c,20,9,0.6719124684122803,0.7085595999784935,-0.03664713156621324,1,True
RQ2,Multi-country balanced,2c,30,0,0.6190104166666667,0.6505161830357143,-0.03150576636904767,1,True
RQ2,Multi-country balanced,2c,30,1,0.7954810547943976,0.768911559132549,0.02656949566184852,1,True
RQ2,Multi-country balanced,2c,30,2,0.754004357964754,0.725044917619175,0.028959440345578957,1,True
RQ2,Multi-country balanced,2c,30,3,0.6927095139675978,0.6402260150676712,0.05248349889992665,1,True
RQ2,Multi-country balanced,2c,30,4,0.7440956264268694,0.7644630982882551,-0.020367471861385655,1,True
RQ2,Multi-country balanced,2c,30,5,0.7378789391368008,0.6595038434661077,0.07837509567069312,1,True
RQ2,Multi-country balanced,2c,30,6,0.698721016528295,0.6772439432086947,0.02147707331960025,1,True
RQ2,Multi-country balanced,2c,30,7,0.6736713232218003,0.666471162443502,0.007200160778298326,1,True
RQ2,Multi-country balanced,2c,30,8,0.6692565634559099,0.6794483506084814,-0.010191787152571519,1,True
RQ2,Multi-country balanced,2c,30,9,0.6446636915963223,0.6307113285660519,0.013952363030270365,1,True
RQ2,Multi-country balanced,2c,40,0,0.6747488839285715,0.6657505580357143,0.008998325892857206,1,True
RQ2,Multi-country balanced,2c,40,1,0.8085358850816039,0.7858447058401299,0.022691179241474013,1,True
RQ2,Multi-country balanced,2c,40,2,0.7512500477847012,0.7501930501930502,0.00105699759165101,1,True
RQ2,Multi-country balanced,2c,40,3,0.759650643376225,0.661544102940196,0.09810654043602896,1,True
RQ2,Multi-country balanced,2c,40,4,0.7493868822714267,0.7318233024614433,0.017563579809983354,1,True
RQ2,Multi-country balanced,2c,40,5,0.7361069515157566,0.6641792286446375,0.07192772287111904,1,True
RQ2,Multi-country balanced,2c,40,6,0.7328700139411973,0.7045333166871276,0.02833669725406973,1,True
RQ2,Multi-country balanced,2c,40,7,0.6572448669887702,0.6429798945097492,0.014264972479020921,1,True
RQ2,Multi-country balanced,2c,40,8,0.7027134085957616,0.6950482493783148,0.007665159217446815,1,True
RQ2,Multi-country balanced,2c,40,9,0.658804236786924,0.6916447120812946,-0.03284047529437062,1,True
RQ2,Multi-country balanced,2c,50,0,0.686123511904762,0.6923130580357143,-0.00618954613095235,1,True
RQ2,Multi-country balanced,2c,50,1,0.8183068199151211,0.8171448951576,0.0011619247575210823,1,True
RQ2,Multi-country balanced,2c,50,2,0.7906456668832905,0.7577353874383577,0.032910279444932855,1,True
RQ2,Multi-country balanced,2c,50,3,0.744496299753317,0.6373058203880259,0.10719047936529114,1,True
RQ2,Multi-country balanced,2c,50,4,0.7829513393880787,0.7415085686941091,0.04144277069396962,1,True
RQ2,Multi-country balanced,2c,50,5,0.7298800372699744,0.6621160693487738,0.06776396792120065,1,True
RQ2,Multi-country balanced,2c,50,6,0.7757062499566504,0.792421814852577,-0.016715564895926627,1,True
RQ2,Multi-country balanced,2c,50,7,0.6813575102332106,0.6633970977876578,0.017960412445552798,1,True
RQ2,Multi-country balanced,2c,50,8,0.7102699104333092,0.6764884685636319,0.03378144186967735,1,True
RQ2,Multi-country balanced,2c,50,9,0.6855207269208021,0.704166890693048,-0.018646163772245927,1,True
RQ2,Multi-country balanced,3c,10,0,0.6407887653943755,0.627026324383532,0.013762441010843451,1,True
RQ2,Multi-country balanced,3c,10,1,0.7520949962070103,0.7351560606410406,0.016938935565969704,1,True
RQ2,Multi-country balanced,3c,10,2,0.5801759161369678,0.6029407769218352,-0.02276486078486739,1,True
RQ2,Multi-country balanced,3c,10,3,0.7104621814437307,0.7094740221810115,0.0009881592627192237,1,True
RQ2,Multi-country balanced,3c,10,4,0.694010480642875,0.6929677885099267,0.0010426921329482752,1,True
RQ2,Multi-country balanced,3c,10,5,0.7470290099858529,0.7132344768197308,0.03379453316612202,1,True
RQ2,Multi-country balanced,3c,10,6,0.6057864657736896,0.6346788655969997,-0.028892399823310155,1,True
RQ2,Multi-country balanced,3c,10,7,0.8523407745832837,0.830168313083853,0.02217246149943075,1,True
RQ2,Multi-country balanced,3c,10,8,0.7688880803764917,0.757522018972484,0.011366061404007755,1,True
RQ2,Multi-country balanced,3c,10,9,0.694155468003204,0.6688062761796975,0.02534919182350659,1,True
RQ2,Multi-country balanced,3c,20,0,0.6838369030919158,0.671115518844937,0.012721384246978773,1,True
RQ2,Multi-country balanced,3c,20,1,0.7864945087953222,0.7801746318394539,0.006319876955868331,1,True
RQ2,Multi-country balanced,3c,20,2,0.6343217034295315,0.6427763924497557,-0.008454689020224171,1,True
RQ2,Multi-country balanced,3c,20,3,0.7775527514644546,0.7537180485746982,0.02383470288975642,1,True
RQ2,Multi-country balanced,3c,20,4,0.7546771936923405,0.7559797994079993,-0.0013026057156587667,1,True
RQ2,Multi-country balanced,3c,20,5,0.7857618439470758,0.7559992985458325,0.029762545401243345,1,True
RQ2,Multi-country balanced,3c,20,6,0.6814932343199058,0.6549076007113867,0.026585633608519177,1,True
RQ2,Multi-country balanced,3c,20,7,0.8731783027158034,0.8440087593658675,0.029169543349935934,1,True
RQ2,Multi-country balanced,3c,20,8,0.8126165347245108,0.7971446220082012,0.015471912716309544,1,True
RQ2,Multi-country balanced,3c,20,9,0.7447669891685699,0.7071126775683424,0.037654311600227475,1,True
RQ2,Multi-country balanced,3c,30,0,0.698064955953082,0.6708926922920638,0.027172263661018214,1,True
RQ2,Multi-country balanced,3c,30,1,0.7966197184788376,0.7976924112481534,-0.001072692769315764,1,True
RQ2,Multi-country balanced,3c,30,2,0.7167393385386891,0.6933579272907017,0.023381411247987427,1,True
RQ2,Multi-country balanced,3c,30,3,0.8180333761860267,0.7799257208921212,0.038107655293905474,1,True
RQ2,Multi-country balanced,3c,30,4,0.7794001430152976,0.770937011781324,0.008463131233973575,1,True
RQ2,Multi-country balanced,3c,30,5,0.817220726066333,0.7785323467204496,0.03868837934588343,1,True
RQ2,Multi-country balanced,3c,30,6,0.7023908616762701,0.6954472782546564,0.006943583421613719,1,True
RQ2,Multi-country balanced,3c,30,7,0.9080549457143158,0.8867031801078437,0.021351765606472117,1,True
RQ2,Multi-country balanced,3c,30,8,0.8337140537829887,0.8065492046741957,0.02716484910879302,1,True
RQ2,Multi-country balanced,3c,30,9,0.7581899231238656,0.7130312067201069,0.04515871640375868,1,True
RQ2,Multi-country balanced,3c,40,0,0.717439101750491,0.665833948861923,0.05160515288856793,1,True
RQ2,Multi-country balanced,3c,40,1,0.8072621696199369,0.8137279052045159,-0.006465735584578969,1,True
RQ2,Multi-country balanced,3c,40,2,0.7061780830544037,0.6985435211880208,0.007634561866382894,1,True
RQ2,Multi-country balanced,3c,40,3,0.8262908573197087,0.7981189673370187,0.028171889982690046,1,True
RQ2,Multi-country balanced,3c,40,4,0.7950226080483115,0.7821229251464351,0.012899682901876375,1,True
RQ2,Multi-country balanced,3c,40,5,0.8201448711933721,0.7845924304940883,0.03555244069928376,1,True
RQ2,Multi-country balanced,3c,40,6,0.7219602125931991,0.715362837802943,0.0065973747902561275,1,True
RQ2,Multi-country balanced,3c,40,7,0.9126382932982052,0.8983197231018188,0.014318570196386382,1,True
RQ2,Multi-country balanced,3c,40,8,0.8428493117663565,0.8185471089483277,0.02430220281802875,1,True
RQ2,Multi-country balanced,3c,40,9,0.779599965847625,0.7223637487729588,0.057236217074666196,1,True
RQ2,Multi-country balanced,3c,50,0,0.7138829121457438,0.6824823926584248,0.031400519487319034,1,True
RQ2,Multi-country balanced,3c,50,1,0.8254682465257533,0.817897670560482,0.007570575965271331,1,True
RQ2,Multi-country balanced,3c,50,2,0.7219837219688037,0.7144452637974505,0.007538458171353124,1,True
RQ2,Multi-country balanced,3c,50,3,0.8322793620161059,0.8016430596056816,0.030636302410424254,1,True
RQ2,Multi-country balanced,3c,50,4,0.811653127321498,0.7994034580855635,0.012249669235934513,1,True
RQ2,Multi-country balanced,3c,50,5,0.835654383868249,0.7981049331142467,0.03754945075400229,1,True
RQ2,Multi-country balanced,3c,50,6,0.7367169232610822,0.7239683150558709,0.012748608205211287,1,True
RQ2,Multi-country balanced,3c,50,7,0.9196243499448375,0.898687114064276,0.02093723588056151,1,True
RQ2,Multi-country balanced,3c,50,8,0.8481538719217889,0.8238398022043342,0.024314069717454756,1,True
RQ2,Multi-country balanced,3c,50,9,0.8019893099173797,0.7339086496386042,0.06808066027877546,1,True
